{"model/fc_model/sizes": [11, 144], "model/fc_model/input_norm": false, "model/fc_model/activation": null, "model/fc_model/dropout": 0.1, "model/transformer/N": 2, "model/transformer/d_ff": 384, "model/transformer/h": 1, "model/transformer/positional_encoding": null, "model/transformer/dropout": 0.3, "model/post_model/output_activation": null, "model/post_model/d_output": 1, "data/path": "/Users/david/Documents/phd/JusbrasilData/bq_processed/normalized/svm-rank_format/click/DBN", "data/num_workers": 0, "data/batch_size": 32, "data/slate_length": 240, "data/validation_ds_role": "test", "optimizer/name": "Adam", "optimizer/args/lr": 0.001, "training/epochs": 3, "training/gradient_clipping_norm": null, "training/early_stopping_patience": 100, "loss/name": "listSDStu", "loss/args/epoch": "a", "loss/args/Parameters_Path": "b", "metrics/ndcg": [1, 2, 3, 4, 5, 6, 7, 8, 9, 10, 20], "metrics/mrr": [1, 2, 3, 4, 5, 6, 7, 8, 9, 10, 20], "lr_scheduler/name": "StepLR", "lr_scheduler/args/step_size": 50, "lr_scheduler/args/gamma": 0.1, "val_metric": "ndcg_5", "expected_metrics/val/ndcg_5": 0.1, "detect_anomaly": false, "click_model": null, "epochs": 2, "train_metrics/ndcg_1": 0.3402724266052246, "train_metrics/ndcg_2": 0.3941449820995331, "train_metrics/ndcg_3": 0.4488680064678192, "train_metrics/ndcg_4": 0.495506227016449, "train_metrics/ndcg_5": 0.5370968580245972, "train_metrics/ndcg_6": 0.5726461410522461, "train_metrics/ndcg_7": 0.5986438393592834, "train_metrics/ndcg_8": 0.6180359721183777, "train_metrics/ndcg_9": 0.6304746866226196, "train_metrics/ndcg_10": 0.6392396688461304, "train_metrics/ndcg_20": 0.6498498916625977, "train_metrics/mrr_1": 0.2932073175907135, "train_metrics/mrr_2": 0.3591088354587555, "train_metrics/mrr_3": 0.39833471179008484, "train_metrics/mrr_4": 0.42520949244499207, "train_metrics/mrr_5": 0.4437803030014038, "train_metrics/mrr_6": 0.4571787416934967, "train_metrics/mrr_7": 0.4662742018699646, "train_metrics/mrr_8": 0.471649169921875, "train_metrics/mrr_9": 0.47506511211395264, "train_metrics/mrr_10": 0.4769657850265503, "train_metrics/mrr_20": 0.4786945879459381, "val_metrics/ndcg_1": 0.40064215660095215, "val_metrics/ndcg_2": 0.47910434007644653, "val_metrics/ndcg_3": 0.5368133187294006, "val_metrics/ndcg_4": 0.5793672204017639, "val_metrics/ndcg_5": 0.6118510961532593, "val_metrics/ndcg_6": 0.6376475095748901, "val_metrics/ndcg_7": 0.6587327122688293, "val_metrics/ndcg_8": 0.6741042137145996, "val_metrics/ndcg_9": 0.6847999095916748, "val_metrics/ndcg_10": 0.6910895705223083, "val_metrics/ndcg_20": 0.6997461915016174, "val_metrics/mrr_1": 0.34133824706077576, "val_metrics/mrr_2": 0.42646756768226624, "val_metrics/mrr_3": 0.467586874961853, "val_metrics/mrr_4": 0.49152469635009766, "val_metrics/mrr_5": 0.5059951543807983, "val_metrics/mrr_6": 0.5158302783966064, "val_metrics/mrr_7": 0.5227355360984802, "val_metrics/mrr_8": 0.5273410677909851, "val_metrics/mrr_9": 0.529883861541748, "val_metrics/mrr_10": 0.5311974883079529, "val_metrics/mrr_20": 0.5326102375984192, "num_params": 392593, "run_id": "student_run", "dir": "allrank/results/student_run"}
