{"model/fc_model/sizes": [11, 144], "model/fc_model/input_norm": false, "model/fc_model/activation": null, "model/fc_model/dropout": 0.1, "model/transformer/N": 2, "model/transformer/d_ff": 384, "model/transformer/h": 1, "model/transformer/positional_encoding": null, "model/transformer/dropout": 0.3, "model/post_model/output_activation": null, "model/post_model/d_output": 1, "data/path": "/Users/david/Documents/phd/JusbrasilData/bq_processed/normalized/svm-rank_format/click/DCM", "data/num_workers": 1, "data/batch_size": 32, "data/slate_length": 30, "data/validation_ds_role": "test", "optimizer/name": "Adam", "optimizer/args/lr": 0.001, "training/epochs": 10, "training/gradient_clipping_norm": null, "training/early_stopping_patience": 100, "loss/name": "listSDStu", "loss/args/epoch": "a", "loss/args/Parameters_Path": "b", "metrics/ndcg": [1, 2, 3, 4, 5, 6, 7, 8, 9, 10, 20], "metrics/mrr": [1, 2, 3, 4, 5, 6, 7, 8, 9, 10, 20], "lr_scheduler/name": "StepLR", "lr_scheduler/args/step_size": 50, "lr_scheduler/args/gamma": 0.1, "val_metric": "ndcg_5", "expected_metrics/val/ndcg_5": 0.1, "detect_anomaly": false, "click_model": null, "epochs": 9, "train_metrics/ndcg_1": 0.2826375961303711, "train_metrics/ndcg_2": 0.34796446561813354, "train_metrics/ndcg_3": 0.4049641489982605, "train_metrics/ndcg_4": 0.45620304346084595, "train_metrics/ndcg_5": 0.49934515357017517, "train_metrics/ndcg_6": 0.5341021418571472, "train_metrics/ndcg_7": 0.5617360472679138, "train_metrics/ndcg_8": 0.5814322233200073, "train_metrics/ndcg_9": 0.593842625617981, "train_metrics/ndcg_10": 0.6016702651977539, "train_metrics/ndcg_20": 0.6122366189956665, "train_metrics/mrr_1": 0.2535577118396759, "train_metrics/mrr_2": 0.3187389671802521, "train_metrics/mrr_3": 0.35866138339042664, "train_metrics/mrr_4": 0.3872009217739105, "train_metrics/mrr_5": 0.4077264964580536, "train_metrics/mrr_6": 0.42117831110954285, "train_metrics/mrr_7": 0.43094250559806824, "train_metrics/mrr_8": 0.4372788667678833, "train_metrics/mrr_9": 0.44117993116378784, "train_metrics/mrr_10": 0.44327816367149353, "train_metrics/mrr_20": 0.44529828429222107, "val_metrics/ndcg_1": 0.2921755611896515, "val_metrics/ndcg_2": 0.3545913100242615, "val_metrics/ndcg_3": 0.41256237030029297, "val_metrics/ndcg_4": 0.4625210165977478, "val_metrics/ndcg_5": 0.5040883421897888, "val_metrics/ndcg_6": 0.5373812317848206, "val_metrics/ndcg_7": 0.5634202361106873, "val_metrics/ndcg_8": 0.582249641418457, "val_metrics/ndcg_9": 0.594363272190094, "val_metrics/ndcg_10": 0.6022190451622009, "val_metrics/ndcg_20": 0.6122221350669861, "val_metrics/mrr_1": 0.2655239701271057, "val_metrics/mrr_2": 0.32792773842811584, "val_metrics/mrr_3": 0.36788803339004517, "val_metrics/mrr_4": 0.3953950107097626, "val_metrics/mrr_5": 0.41501933336257935, "val_metrics/mrr_6": 0.4287385940551758, "val_metrics/mrr_7": 0.4384891390800476, "val_metrics/mrr_8": 0.44503235816955566, "val_metrics/mrr_9": 0.44868165254592896, "val_metrics/mrr_10": 0.45080628991127014, "val_metrics/mrr_20": 0.45289871096611023, "num_params": 392593, "run_id": "/Users/david/Documents/phd/dev/Papers/Student/allRank-master/out1/", "dir": "/Users/david/Documents/phd/dev/Papers/Student/allRank-master/out1/"}
