{"model/fc_model/sizes": [11, 144], "model/fc_model/input_norm": false, "model/fc_model/activation": null, "model/fc_model/dropout": 0.1, "model/transformer/N": 2, "model/transformer/d_ff": 384, "model/transformer/h": 1, "model/transformer/positional_encoding": null, "model/transformer/dropout": 0.3, "model/post_model/output_activation": null, "model/post_model/d_output": 1, "data/path": "/Users/david/Documents/phd/JusbrasilData/bq_processed/normalized/svm-rank_format/click/DCM", "data/num_workers": 1, "data/batch_size": 32, "data/slate_length": 30, "data/validation_ds_role": "test", "optimizer/name": "Adam", "optimizer/args/lr": 0.001, "training/epochs": 10, "training/gradient_clipping_norm": null, "training/early_stopping_patience": 100, "loss/name": "listSD", "loss/args/epoch": "a", "loss/args/Parameters_Path": "b", "metrics/ndcg": [1, 2, 3, 4, 5, 6, 7, 8, 9, 10, 20], "metrics/mrr": [1, 2, 3, 4, 5, 6, 7, 8, 9, 10, 20], "lr_scheduler/name": "StepLR", "lr_scheduler/args/step_size": 50, "lr_scheduler/args/gamma": 0.1, "val_metric": "ndcg_5", "expected_metrics/val/ndcg_5": 0.1, "detect_anomaly": false, "click_model": null, "epochs": 9, "train_metrics/ndcg_1": 0.28942903876304626, "train_metrics/ndcg_2": 0.3465535342693329, "train_metrics/ndcg_3": 0.4057919383049011, "train_metrics/ndcg_4": 0.4563601315021515, "train_metrics/ndcg_5": 0.4996533691883087, "train_metrics/ndcg_6": 0.5334159135818481, "train_metrics/ndcg_7": 0.5607981085777283, "train_metrics/ndcg_8": 0.5797411203384399, "train_metrics/ndcg_9": 0.5929093360900879, "train_metrics/ndcg_10": 0.6015419363975525, "train_metrics/ndcg_20": 0.6127837300300598, "train_metrics/mrr_1": 0.2569855749607086, "train_metrics/mrr_2": 0.32045289874076843, "train_metrics/mrr_3": 0.36248743534088135, "train_metrics/mrr_4": 0.39006611704826355, "train_metrics/mrr_5": 0.4099684953689575, "train_metrics/mrr_6": 0.42362797260284424, "train_metrics/mrr_7": 0.43330323696136475, "train_metrics/mrr_8": 0.43980827927589417, "train_metrics/mrr_9": 0.443547785282135, "train_metrics/mrr_10": 0.44551095366477966, "train_metrics/mrr_20": 0.44764918088912964, "val_metrics/ndcg_1": 0.288377970457077, "val_metrics/ndcg_2": 0.35211417078971863, "val_metrics/ndcg_3": 0.4086880385875702, "val_metrics/ndcg_4": 0.45924362540245056, "val_metrics/ndcg_5": 0.5007153749465942, "val_metrics/ndcg_6": 0.5349099040031433, "val_metrics/ndcg_7": 0.5612147450447083, "val_metrics/ndcg_8": 0.5798261165618896, "val_metrics/ndcg_9": 0.5923758745193481, "val_metrics/ndcg_10": 0.6000192761421204, "val_metrics/ndcg_20": 0.6100133061408997, "val_metrics/mrr_1": 0.262239545583725, "val_metrics/mrr_2": 0.32623422145843506, "val_metrics/mrr_3": 0.364928662776947, "val_metrics/mrr_4": 0.3925638794898987, "val_metrics/mrr_5": 0.4120650589466095, "val_metrics/mrr_6": 0.42634880542755127, "val_metrics/mrr_7": 0.4362167418003082, "val_metrics/mrr_8": 0.44249045848846436, "val_metrics/mrr_9": 0.44635650515556335, "val_metrics/mrr_10": 0.44852215051651, "val_metrics/mrr_20": 0.4505722224712372, "num_params": 392593, "run_id": "/Users/david/Documents/phd/dev/Papers/Teacher/allRank-master/out1/", "dir": "/Users/david/Documents/phd/dev/Papers/Teacher/allRank-master/out1/"}
